---
title: 04-辅助命令
---

## 1、显示数据库列表

```bash
show databases;
```

![](http://s3.airtlab.com/mysql/20220522215927.png)

## 2、显示数据表的结构

```bash
mysql>describe 表名;

# (或者)
mysql>desc 表名;
```

![](http://s3.airtlab.com/mysql/20220522220033.png)

## 3、建库与删库

```bash
mysql> create database 库名;
mysql> drop database 库名;
```

![](http://s3.airtlab.com/mysql/20220522220055.png)

## 4、建表

```bash
mysql> use 库名;
mysql> create table 表名(字段列表);
mysql> drop table 表名；
```

![](http://s3.airtlab.com/mysql/20220522220206.png)

## 5. 查看 mysql 版本

    mysql> select version();
    +-----------+
    | version() |
    +-----------+
    | 8.0.21    |
    +-----------+
    1 row in set (0.00 sec)

## 6. 查看当前使用的数据库

    mysql> select database();
    +------------+
    | database() |
    +------------+
    | test       |
    +------------+
    1 row in set (0.00 sec)

## 7. 查看表结构

    mysql> desc student;
    +--------------+--------------+------+-----+---------+----------------+
    | Field        | Type         | Null | Key | Default | Extra          |
    +--------------+--------------+------+-----+---------+----------------+
    | id           | int unsigned | NO   | PRI | NULL    | auto_increment |
    | student_name | varchar(11)  | YES  |     | NULL    |                |
    | class_id     | int          | YES  |     | NULL    |                |
    +--------------+--------------+------+-----+---------+----------------+
    3 rows in set (0.00 sec)

## 8. 查看建表语句

    mysql> show create table student;
    +---------+----------------------------------------------------------------------------------------------------------------------------------------------------------------------------------------------------------------------------------------------------------+
    | Table   | Create Table                                                                                                                                                                                                                                             |
    +---------+----------------------------------------------------------------------------------------------------------------------------------------------------------------------------------------------------------------------------------------------------------+
    | student | CREATE TABLE `student` (
      `id` int unsigned NOT NULL AUTO_INCREMENT,
      `student_name` varchar(11) DEFAULT NULL,
      `class_id` int DEFAULT NULL,
      PRIMARY KEY (`id`)
    ) ENGINE=InnoDB AUTO_INCREMENT=8 DEFAULT CHARSET=utf8mb4 COLLATE=utf8mb4_0900_ai_ci |
    +---------+----------------------------------------------------------------------------------------------------------------------------------------------------------------------------------------------------------------------------------------------------------+
    1 row in set (0.00 sec)

## 9. 导入数据库

    mysql > source [sql_file_path]

## 10. 取消一条语句

    mysql> select 
        -> 
        -> \c
    mysql> 
    mysql> select 
        -> 
        -> ^C
    mysql>

## 11. 退出 mysql

    mysql> \q
    Bye

    mysql> exit
    Bye
